名称,id,库存,借出,作者,出版社,类型,描述
BATLAB入门到入土,sbuhi,10,2,嘤嘤嘤,嘤教版,计算机,遇到困难碎大觉
java入门到放弃,sbuhi,10,2,嘤嘤嘤,嘤教版,计算机,遇到困难碎大觉
java入门到放弃,sbuhi,10,2,嘤嘤嘤,嘤教版,计算机,遇到困难碎大觉
java入门到放弃,sbuhi,10,2,嘤嘤嘤,嘤教版,计算机,遇到困难碎大觉
java入门到放弃,sbuhi,100,2,嘤嘤嘤,嘤教版,计算机,遇到困难碎大觉
python入门到放弃,sbuhi,10,2,哈哈哈,嘤教版,计算机,好耶
python入门到放弃,sbuhi,10,2,哈哈哈,嘤教版,计算机,好耶
python入门到放弃,sbuhi,10,2,哈哈哈,嘤教版,计算机,坏耶
python入门到放弃,sbuhi,10,2,哈哈哈,嘤教版,计算机,好耶
python入门到放弃,sbuhi,10,2,哈哈哈,嘤教版,计算机,好耶
python入门到放弃,sbuhi,10,2,哈哈哈,嘤教版,计算机,好耶
php入门到放弃,sbuhi,10,2,略略略,人教版,计算机,妈耶
php入门到放弃,sbuhi,10,2,略略略,嘤教版,计算机,妈耶
php入门到放弃,sbuhi,10,2,略略略,嘤教版,计算机,妈耶
php入门到放弃,sbuhi,10,2,略略略,嘤教版,计算机,妈耶
php入门到放弃,sbuhi,10,2,略略略,嘤教版,计算机,妈耶
php入门到放弃,sbuhi,10,2,略略略,嘤教版,计算机,妈耶
javaScript,sbuhi,10,2,嘤嘤嘤,嘤教版,计算机,这书不错~
